0,4777,166495,K__
4245,4992,196608,___
9708,5730,200407,___
14340,4827,202688,___
19653,4266,204564,___
24792,5106,206405,___
29475,5217,210586,___
34488,4959,215410,___
39465,5004,226398,___
44484,4965,232768,___
49503,4965,238081,___
54156,5337,243077,___
59784,4797,248043,___
64557,4932,252999,___
69489,4932,257958,___
74481,5172,262914,___
79482,4872,267873,___
84483,4947,272829,___
89814,4947,277788,___
94350,5235,282744,___
99699,4968,287703,___
104397,5034,292659,___
109734,5166,297618,___
114018,5166,302574,___
119889,4692,307533,___
124359,4959,312489,___
129219,4599,317448,___
134754,5430,322404,___
140022,5130,327363,___
144228,4434,332319,___
149751,5412,337278,___
154017,5091,342234,___
159345,4605,347193,___
164613,5310,352149,___
169707,4953,357108,___
174489,4953,362064,___
179490,5289,367023,___
184539,4275,371979,___
189495,5826,376938,___
194451,4230,381894,___
199731,5772,386853,___
204540,4641,391809,___
209493,5322,396768,___
214446,4554,401724,___
219705,5445,406683,___
224511,4581,411639,___
229491,5343,416598,___
234492,4707,421554,___
239493,5433,426513,___
244128,4491,431469,___
249714,5382,436428,___
254475,4782,441384,___
259473,4917,446343,___
264603,4917,451299,___
269733,5397,456258,___
274371,4626,461214,___
279477,4854,466173,___
284481,5553,471129,___
289485,5253,476088,___
294480,4245,481044,___
299478,5463,491520,K__
304623,4632,533729,___
309768,5313,542056,___
314355,5139,547466,___
319725,4683,552306,___
324375,5013,556917,___
329709,4977,561506,___
334464,5019,563572,___
339495,5019,565638,___
344592,4653,567704,___
349689,5628,569770,___
354414,4773,571836,___
359643,4932,573902,___
364389,4992,575968,___
369705,5001,578034,___
374385,5001,580100,___
379731,5331,582166,___
384477,4536,584232,___
389406,5349,586298,___
394335,4698,588364,___
399798,5337,590430,___
404358,4284,592496,___
409752,5871,594562,___
414354,4470,596628,___
420075,4860,598694,___
424194,5535,600760,___
429492,5268,602826,___
434490,4206,604892,___
439428,5523,606958,___
444495,4266,609024,___
449490,5328,611090,___
454521,5268,613156,___
459429,5094,615222,___
464478,4782,617288,___
469482,5001,619354,___
474492,5049,621420,___
479472,4956,623486,___
484452,4956,625552,___
489042,5280,627618,___
494460,4809,629684,___
499521,4953,631750,___
504582,4953,633816,___
508989,5259,635882,___
514233,4806,637948,___
519822,4980,640014,___
524475,5001,642080,___
529464,5001,644146,___
534477,4635,646212,___
539475,5586,648278,___
544479,4761,650344,___
549471,4998,652410,___
554469,5130,654476,___
559467,5130,656542,___
564471,4638,658608,___
569463,5106,660674,___
574479,5004,662740,___
579459,5004,664806,___
584460,4995,666872,___
589461,4998,668938,___
594492,5145,671004,K__
599457,5145,737280,___
604464,4587,742036,___
609462,5370,745474,___
614469,4650,750375,___
619470,5334,752224,___
624474,4755,753790,___
629457,5031,755336,___
634323,5097,756882,___
639189,5097,758428,___
644466,4725,759974,___
649485,5229,761520,___
654462,4746,763066,___
659475,5316,764612,___
664458,4680,766158,___
669447,5346,767704,___
674454,4746,769250,___
679452,4929,770796,___
684402,4929,772342,___
689427,5463,773888,___
694509,4560,775434,___
699591,5394,776980,___
704187,4602,778526,___
709452,5721,780072,___
714543,4119,781618,___
719634,5298,783164,___
724101,4998,784710,___
729477,4938,786256,___
734505,5067,787802,___
739467,4995,789348,___
744465,5031,790894,___
749469,4908,792440,___
754362,5049,793986,___
759255,5004,795532,___
764526,5010,797078,___
769461,4980,798624,___
774471,4980,800170,___
779469,4590,801716,___
784470,5418,803262,___
789459,5061,804808,___
794466,5061,806354,___
799464,4407,807900,___
804468,5244,809446,___
809466,5589,810992,___
814488,4653,812538,___
819465,4989,814084,___
824517,5013,815630,___
829461,4998,817176,___
834468,5004,818722,___
839457,4992,820268,___
844458,4998,821814,___
849444,4998,823360,___
854550,5004,824906,___
859656,4992,826452,___
864537,5016,827998,___
869451,4980,829544,___
874455,5001,831090,___
879450,5001,832636,___
884307,5031,834182,___
889164,4965,835728,___
894471,5007,851968,K__
899484,4998,903723,___
904119,5007,908479,___
909675,5001,910618,___
914199,5004,912248,___
919479,4983,913814,___
924510,4866,915375,___
929478,4866,916936,___
934446,5277,918497,___
939720,5019,920058,___
944496,4977,921619,___
949461,5013,923180,___
954468,4983,924741,___
959460,4989,926302,___
964461,5007,927863,___
969474,4998,929424,___
974481,4950,930985,___
979401,5025,932546,___
984321,5082,934107,___
989343,5082,935668,___
994482,4596,937229,___
999474,5265,938790,___
1004328,5091,940351,___
1009182,5091,941912,___
1014588,4467,943473,___
1019319,5376,945034,___
1024266,5028,946595,___
1029255,4962,948156,___
1034244,4998,949717,___
1039677,5004,951278,___
1044369,4893,952839,___
1049271,4893,954400,___
1054563,5271,955961,___
1059096,4935,957522,___
1064301,5010,959083,___
1069287,4998,960644,___
1074288,5001,962205,___
1079268,4989,963766,___
1084287,5007,965327,___
1089297,4998,966888,___
1094421,5004,968449,___
1099545,4998,970010,___
1104291,5022,971571,___
1109301,4977,973132,___
1114296,5052,974693,___
1119315,4944,976254,___
1124301,5007,977815,___
1129287,4989,979376,___
1134297,5001,980937,___
1139292,4986,982498,___
1144290,5106,984059,___
1149291,5106,985620,___
1154307,4881,987181,___
1159302,4914,988742,___
1164306,5004,990303,___
1169301,4995,991864,___
1174311,4857,993425,___
1179291,4857,994986,___
1184295,5307,996547,___
1189302,5013,998108,___
1194261,4635,1015808,K__
1199277,5556,1067564,___
1204293,4524,1072320,___
1209501,5280,1074459,___
1214478,5031,1076089,___
1219494,4968,1077655,___
1224579,4968,1079216,___
1229664,5274,1080777,___
1234485,4776,1082338,___
1239456,4965,1083899,___
1244460,5007,1085460,___
1249476,4992,1087021,___
1254465,5001,1088582,___
1259448,5013,1090143,___
1264464,5007,1091704,___
1269468,4920,1093265,___
1274463,4920,1094826,___
1279464,5022,1096387,___
1284468,5139,1097948,___
1289463,4992,1099509,___
1294458,4854,1101070,___
1299045,4854,1102631,___
1304676,5406,1104192,___
1309467,4731,1105753,___
1314471,4947,1107314,___
1319475,4989,1108875,___
1324467,4989,1110436,___
1329462,5433,1111997,___
1334463,4692,1113558,___
1339467,4902,1115119,___
1344492,5292,1116680,___
1349457,4533,1118241,___
1354476,5205,1119802,___
1359471,4986,1121363,___
1364400,5001,1122924,___
1369329,4980,1124485,___
1374609,5019,1126046,___
1379715,5010,1127607,___
1384173,5124,1129168,___
1389669,5124,1130729,___
1393926,4746,1132290,___
1399710,5010,1133851,___
1404009,4995,1135412,___
1409709,5019,1136973,___
1414446,4986,1138534,___
1419780,4986,1140095,___
1424466,5010,1141656,___
1429467,4995,1143217,___
1434471,4998,1144778,___
1439454,5001,1146339,___
1444473,5016,1147900,___
1449465,4995,1149461,___
1454457,5004,1151022,___
1459452,4995,1152583,___
1464474,5010,1154144,___
1469451,4980,1155705,___
1474464,5004,1157266,___
1479450,5007,1158827,___
1484457,4959,1160388,___
1489461,5016,1163264,K__
1494474,5016,1215019,___
1499460,5208,1219775,___
1504470,4977,1221914,___
1509447,5016,1223544,___
1514460,5085,1225110,___
1519524,5085,1226671,___
1524462,4821,1228232,___
1529400,4971,1229793,___
1534668,5004,1231354,___
1539453,5016,1232915,___
1544451,4989,1234476,___
1549464,4983,1236037,___
1554486,5016,1237598,___
1559463,5004,1239159,___
1564431,4995,1240720,___
1569489,5001,1242281,___
1574613,5004,1243842,___
1579737,4995,1245403,___
1584501,4995,1246964,___
1589484,4587,1248525,___
1594467,5631,1250086,___
1599459,4791,1251647,___
1604469,5004,1253208,_D_
