0,4777,16384,K__
4777,4992,30569,___
9769,5730,45391,___
15499,4827,51788,___
20326,4266,59324,___
24592,5106,62791,___
29698,5217,65318,___
34915,4959,67227,___
39874,5004,69136,___
44878,4965,71045,___
49843,4965,72954,___
54808,5337,74863,___
60145,4797,76772,___
64942,4932,78681,___
69874,4932,80590,___
74806,5172,82499,___
79978,4872,84408,___
84850,4947,86317,___
89797,4947,88226,___
94744,5235,90135,___
99979,4968,92044,___
104947,5034,93953,___
109981,5166,95862,___
115147,5166,97771,___
120313,4692,99680,___
125005,4959,101589,___
129964,4599,103498,___
134563,5430,105407,___
139993,5130,107316,___
145123,4434,109225,___
149557,5412,111134,___
154969,5091,113043,___
160060,4605,114952,___
164665,5310,116861,___
169975,4953,118770,___
174928,4953,120679,___
179881,5289,122588,___
185170,4275,124497,___
189445,5826,126406,___
195271,4230,128315,___
199501,5772,130224,___
205273,4641,132133,___
209914,5322,134042,___
215236,4554,135951,___
219790,5445,137860,___
225235,4581,139769,___
229816,5343,141678,___
235159,4707,143587,___
239866,5433,145496,___
245299,4491,147405,___
249790,5382,149314,___
255172,4782,151223,___
259954,4917,153132,___
264871,4917,155041,___
269788,5397,156950,___
275185,4626,158859,___
279811,4854,160768,___
284665,5553,162677,___
290218,5253,164586,___
295471,4245,166495,K__
299716,5463,196608,___
305179,4632,200407,___
309811,5313,202688,___
315124,5139,204564,___
320263,4683,206405,___
324946,5013,210586,___
329959,4977,215410,___
334936,5019,226398,___
339955,5019,232768,___
344974,4653,238081,___
349627,5628,243077,___
355255,4773,248043,___
360028,4932,252999,___
364960,4992,257958,___
369952,5001,262914,___
374953,5001,267873,___
379954,5331,272829,___
385285,4536,277788,___
389821,5349,282744,___
395170,4698,287703,___
399868,5337,292659,___
405205,4284,297618,___
409489,5871,302574,___
415360,4470,307533,___
419830,4860,312489,___
424690,5535,317448,___
430225,5268,322404,___
435493,4206,327363,___
439699,5523,332319,___
445222,4266,337278,___
449488,5328,342234,___
454816,5268,347193,___
460084,5094,352149,___
465178,4782,357108,___
469960,5001,362064,___
474961,5049,367023,___
480010,4956,371979,___
484966,4956,376938,___
489922,5280,381894,___
495202,4809,386853,___
500011,4953,391809,___
504964,4953,396768,___
509917,5259,401724,___
515176,4806,406683,___
519982,4980,411639,___
524962,5001,416598,___
529963,5001,421554,___
534964,4635,426513,___
539599,5586,431469,___
545185,4761,436428,___
549946,4998,441384,___
554944,5130,446343,___
560074,5130,451299,___
565204,4638,456258,___
569842,5106,461214,___
574948,5004,466173,___
579952,5004,471129,___
584956,4995,476088,___
589951,4998,481044,___
594949,5145,491520,K__
600094,5145,533729,___
605239,4587,542056,___
609826,5370,547466,___
615196,4650,552306,___
619846,5334,556917,___
625180,4755,561506,___
629935,5031,563572,___
634966,5097,565638,___
640063,5097,567704,___
645160,4725,569770,___
649885,5229,571836,___
655114,4746,573902,___
659860,5316,575968,___
665176,4680,578034,___
669856,5346,580100,___
675202,4746,582166,___
679948,4929,584232,___
684877,4929,586298,___
689806,5463,588364,___
695269,4560,590430,___
699829,5394,592496,___
705223,4602,594562,___
709825,5721,596628,___
715546,4119,598694,___
719665,5298,600760,___
724963,4998,602826,___
729961,4938,604892,___
734899,5067,606958,___
739966,4995,609024,___
744961,5031,611090,___
749992,4908,613156,___
754900,5049,615222,___
759949,5004,617288,___
764953,5010,619354,___
769963,4980,621420,___
774943,4980,623486,___
779923,4590,625552,___
784513,5418,627618,___
789931,5061,629684,___
794992,5061,631750,___
800053,4407,633816,___
804460,5244,635882,___
809704,5589,637948,___
815293,4653,640014,___
819946,4989,642080,___
824935,5013,644146,___
829948,4998,646212,___
834946,5004,648278,___
839950,4992,650344,___
844942,4998,652410,___
849940,4998,654476,___
854938,5004,656542,___
859942,4992,658608,___
864934,5016,660674,___
869950,4980,662740,___
874930,5001,664806,___
879931,5001,666872,___
884932,5031,668938,___
889963,4965,671004,K__
894928,5007,737280,___
899935,4998,742036,___
904933,5007,745474,___
909940,5001,750375,___
914941,5004,752224,___
919945,4983,753790,___
924928,4866,755336,___
929794,4866,756882,___
934660,5277,758428,___
939937,5019,759974,___
944956,4977,761520,___
949933,5013,763066,___
954946,4983,764612,___
959929,4989,766158,___
964918,5007,767704,___
969925,4998,769250,___
974923,4950,770796,___
979873,5025,772342,___
984898,5082,773888,___
989980,5082,775434,___
995062,4596,776980,___
999658,5265,778526,___
1004923,5091,780072,___
1010014,5091,781618,___
1015105,4467,783164,___
1019572,5376,784710,___
1024948,5028,786256,___
1029976,4962,787802,___
1034938,4998,789348,___
1039936,5004,790894,___
1044940,4893,792440,___
1049833,4893,793986,___
1054726,5271,795532,___
1059997,4935,797078,___
1064932,5010,798624,___
1069942,4998,800170,___
1074940,5001,801716,___
1079941,4989,803262,___
1084930,5007,804808,___
1089937,4998,806354,___
1094935,5004,807900,___
1099939,4998,809446,___
1104937,5022,810992,___
1109959,4977,812538,___
1114936,5052,814084,___
1119988,4944,815630,___
1124932,5007,817176,___
1129939,4989,818722,___
1134928,5001,820268,___
1139929,4986,821814,___
1144915,5106,823360,___
1150021,5106,824906,___
1155127,4881,826452,___
1160008,4914,827998,___
1164922,5004,829544,___
1169926,4995,831090,___
1174921,4857,832636,___
1179778,4857,834182,___
1184635,5307,835728,___
1189942,5013,851968,K__
1194955,4635,903723,___
1199590,5556,908479,___
1205146,4524,910618,___
1209670,5280,912248,___
1214950,5031,913814,___
1219981,4968,915375,___
1224949,4968,916936,___
1229917,5274,918497,___
1235191,4776,920058,___
1239967,4965,921619,___
1244932,5007,923180,___
1249939,4992,924741,___
1254931,5001,926302,___
1259932,5013,927863,___
1264945,5007,929424,___
1269952,4920,930985,___
1274872,4920,932546,___
1279792,5022,934107,___
1284814,5139,935668,___
1289953,4992,937229,___
1294945,4854,938790,___
1299799,4854,940351,___
1304653,5406,941912,___
1310059,4731,943473,___
1314790,4947,945034,___
1319737,4989,946595,___
1324726,4989,948156,___
1329715,5433,949717,___
1335148,4692,951278,___
1339840,4902,952839,___
1344742,5292,954400,___
1350034,4533,955961,___
1354567,5205,957522,___
1359772,4986,959083,___
1364758,5001,960644,___
1369759,4980,962205,___
1374739,5019,963766,___
1379758,5010,965327,___
1384768,5124,966888,___
1389892,5124,968449,___
1395016,4746,970010,___
1399762,5010,971571,___
1404772,4995,973132,___
1409767,5019,974693,___
1414786,4986,976254,___
1419772,4986,977815,___
1424758,5010,979376,___
1429768,4995,980937,___
1434763,4998,982498,___
1439761,5001,984059,___
1444762,5016,985620,___
1449778,4995,987181,___
1454773,5004,988742,___
1459777,4995,990303,___
1464772,5010,991864,___
1469782,4980,993425,___
1474762,5004,994986,___
1479766,5007,996547,___
1484773,4959,998108,___
1489732,5016,1015808,K__
1494748,5016,1067564,___
1499764,5208,1072320,___
1504972,4977,1074459,___
1509949,5016,1076089,___
1514965,5085,1077655,___
1520050,5085,1079216,___
1525135,4821,1080777,___
1529956,4971,1082338,___
1534927,5004,1083899,___
1539931,5016,1085460,___
1544947,4989,1087021,___
1549936,4983,1088582,___
1554919,5016,1090143,___
1559935,5004,1091704,___
1564939,4995,1093265,___
1569934,5001,1094826,___
1574935,5004,1096387,___
1579939,4995,1097948,___
1584934,4995,1099509,___
1589929,4587,1101070,___
1594516,5631,1102631,___
1600147,4791,1104192,___
1604938,5004,1105753,___
1609942,5004,1107314,___
1614946,4992,1108875,___
1619938,4995,1110436,___
1624933,5001,1111997,___
1629934,5004,1113558,___
1634938,5025,1115119,___
1639963,4965,1116680,___
1644928,5019,1118241,___
1649947,4995,1119802,___
1654942,4929,1121363,___
1659871,4929,1122924,___
1664800,5280,1124485,___
1670080,5106,1126046,___
1675186,4458,1127607,___
1679644,5496,1129168,___
1685140,4257,1130729,___
1689397,5784,1132290,___
1695181,4299,1133851,___
1699480,5700,1135412,___
1705180,4737,1136973,___
1709917,5334,1138534,___
1715251,4686,1140095,___
1719937,5001,1141656,___
1724938,5004,1143217,___
1729942,4983,1144778,___
1734925,5019,1146339,___
1739944,4992,1147900,___
1744936,4992,1149461,___
1749928,4995,1151022,___
1754923,5022,1152583,___
1759945,4977,1154144,___
1764922,5013,1155705,___
1769935,4986,1157266,___
1774921,5007,1158827,___
1779928,5004,1160388,___
1784932,5013,1163264,K__
1789945,4986,1215019,___
1794931,5010,1219775,___
1799941,4977,1221914,___
1804918,5013,1223544,___
1809931,5064,1225110,___
1814995,4938,1226671,___
1819933,4938,1228232,___
1824871,5268,1229793,___
1830139,4785,1231354,___
1834924,4998,1232915,___
1839922,5013,1234476,___
1844935,5022,1236037,___
1849957,4977,1237598,___
1854934,4968,1239159,___
1859902,5058,1240720,___
1864960,5124,1242281,___
1870084,5124,1243842,___
1875208,4764,1245403,___
1879972,4983,1246964,___
1884955,4983,1248525,___
1889938,4992,1250086,___
1894930,5010,1251647,___
1899940,5010,1253208,___
