0,1527,151751,K__
3311,1784,186336,___
1527,1669,196608,___
6640,1660,197771,___
4980,1654,200735,___
13295,1675,201697,___
9969,1663,204079,___
8294,1663,206513,___
11632,1622,207542,___
22465,1622,208564,___
16539,5100,217143,___
14917,826,229115,___
21639,835,231376,___
28307,1663,233930,___
24963,1678,245930,___
23300,1666,254346,___
26641,1661,256504,___
34963,1678,258429,___
31646,1658,266153,___
29968,1659,273046,___
33304,1680,274884,___
44139,1680,276653,___
38323,4978,283534,___
36643,838,290129,___
43301,865,291873,___
49977,1640,293602,___
46644,1661,300221,___
45004,1672,306748,___
48305,1678,308465,___
61668,1678,310183,___
53333,7510,316805,___
51655,825,323323,___
60843,833,325034,___
66640,816,326751,___
63317,1659,333356,___
62501,1664,339879,___
64976,1654,341594,___
80809,1654,343312,___
69948,10032,349931,___
68294,829,356447,___
79980,801,358158,___
84965,865,359875,___
82475,836,366480,___
81610,1654,373003,___
83311,1672,374718,___
96641,1672,376436,___
88309,7501,383055,___
86637,831,389571,___
95810,837,391282,___
101639,824,392999,___
98302,1674,399604,___
97478,1663,406127,___
99976,1663,407842,___
108313,1521,409600,___
104823,1930,416219,___
103302,1560,422735,___
106753,1655,424446,___
114982,1673,426163,___
111641,1662,432768,___
109968,1679,439291,___
113303,1663,441006,___
121655,1668,442724,___
118313,1667,449343,___
116645,1675,455859,___
119980,1660,458008,___
128327,1664,460163,___
124979,1670,482494,___
123315,1678,510372,___
126649,1657,515103,___
137475,1657,519910,___
131641,5004,546796,___
129984,830,564072,___
136645,864,569357,___
143314,1645,573786,___
139984,1653,588535,___
138339,1677,601787,___
141637,1655,606075,___
154916,1655,610326,___
146624,7438,623527,___
144969,854,635886,___
154062,835,640127,___
159964,1013,644346,___
156764,1485,657200,___
155751,1715,669429,___
158249,1629,673636,___
166573,1664,677832,___
163257,1658,690635,___
161593,1658,702920,___
164915,1785,707148,___
173340,1719,711356,___
170077,1421,724200,___
168358,1842,736457,___
171498,1662,740670,___
179970,1672,744875,___
176674,1624,757660,___
175002,1672,769910,___
178298,1664,774130,___
186632,1669,778338,___
183303,1660,791178,___
181634,1669,803427,___
184963,1673,807637,___
193298,1661,811839,___
189966,1672,824641,___
188305,1660,836914,___
191638,1668,841144,___
194966,1667,845354,K__
201632,1677,948462,___
198310,1659,959207,___
196633,1663,966895,___
199969,1668,968029,___
208293,1667,983040,___
204967,1667,990366,___
203300,1659,997011,___
206634,1674,997970,___
214965,1664,998890,___
211631,1665,1005701,___
209967,1669,1012205,___
213296,1667,1013118,___
221623,1663,1014029,___
218295,1664,1020759,___
216632,1664,1027245,___
219959,1675,1028158,___
228375,1659,1029054,___
224957,1659,1035798,___
223298,1759,1042306,___
226616,1585,1043215,___
234955,1662,1044129,___
231622,1677,1050866,___
229960,1656,1057334,___
233299,1682,1058240,___
241550,1653,1059142,___
238290,1630,1065862,___
236637,1630,1072355,___
239920,1790,1073686,___
248343,1599,1075014,___
244939,1650,1102607,___
243340,1754,1128236,___
246589,1482,1131927,___
254963,1918,1135498,___
251743,1564,1160616,___
249825,1656,1182869,___
253307,1667,1186990,___
261635,1663,1190806,___
258293,1679,1211591,___
256630,1663,1231086,___
259972,1661,1234814,___
268300,1676,1238454,___
264972,1664,1257693,___
263296,1664,1276451,___
266636,1671,1280043,___
274967,1668,1283662,___
271639,1665,1302578,___
269971,1663,1321202,___
273304,1669,1324808,___
281640,1653,1328409,___
278289,1682,1347316,___
276636,1669,1365903,___
279971,1654,1369494,___
288299,1675,1373100,___
284969,1659,1391970,___
283294,1671,1410514,___
286628,1671,1414118,___
289970,1505,1417702,K__
296617,1744,1558133,___
293219,1826,1573507,___
291475,1572,1584287,___
295045,1769,1585064,___
303252,1576,1585720,___
299962,1659,1595763,___
298386,1631,1605112,___
301621,1631,1622016,___
309942,1753,1622567,___
306636,1653,1631935,___
304883,1653,1641069,___
308289,1697,1641617,___
316515,1668,1642150,___
313307,1668,1651398,___
311639,1540,1660502,___
314975,1848,1661040,___
323203,1614,1661575,___
319977,1677,1670861,___
318363,1549,1679929,___
321654,1815,1680461,___
329970,1621,1680987,___
326639,1651,1690227,___
325018,1680,1699288,___
328290,1666,1699820,___
336648,1623,1700354,___
333259,1670,1709622,___
331636,1719,1718726,___
334929,1719,1719260,___
343215,1509,1719796,___
339876,1756,1729035,___
338367,1583,1738121,___
341632,1822,1738657,___
349867,1490,1739189,___
346527,1701,1748457,___
345037,1639,1757522,___
348228,1787,1758052,___
356711,1565,1758578,___
353219,1658,1767818,___
351654,1834,1776879,___
354877,1572,1777411,___
363253,1616,1777945,___
359899,1616,1787213,___
358283,1738,1796317,___
361515,1655,1796849,___
369905,1662,1797382,___
366570,1668,1806621,___
364908,1667,1815707,___
368238,1671,1816243,___
376572,1663,1816775,___
373239,1662,1826044,___
371576,1671,1835109,___
374901,1668,1835639,___
383243,1674,1836165,___
379914,1660,1845405,___
378240,1669,1854466,___
381574,1668,1854998,___
384911,1672,1855532,K__
391576,1660,1995962,___
388243,1669,2011336,___
386583,1664,2022116,___
389912,1663,2022893,___
398246,1670,2023549,___
394909,1669,2033592,___
393239,1668,2042941,___
396578,1671,2043547,___
404904,1660,2044098,___
401577,1660,2053466,___
399917,1667,2064384,___
403237,1661,2064932,___
411630,1661,2065465,___
408226,1821,2074713,___
406565,1583,2083817,___
410047,1524,2084355,___
418306,1812,2084890,___
414966,1665,2094176,___
413154,1675,2103244,___
416631,1660,2103776,___
424964,1670,2104302,___
421636,1661,2113542,___
419966,1667,2122603,___
423297,1662,2123135,___
431622,1665,2123669,___
428291,1681,2132937,___
426626,1650,2142041,___
429972,1673,2142575,___
438296,1667,2143111,___
434962,1667,2152350,___
433295,1667,2161436,___
436629,1519,2161972,___
444955,1885,2162504,___
441700,1594,2171772,___
439815,1661,2180837,___
443294,1682,2181367,___
451640,1657,2181893,___
448294,1678,2191133,___
446637,1668,2200194,___
449972,1661,2200726,___
458366,1661,2201260,___
454962,1521,2210528,___
453301,1883,2219632,___
456483,1603,2220164,___
465006,1628,2220697,___
461597,1628,2229936,___
459969,1781,2239022,___
463225,1692,2239558,___
471730,1468,2240090,___
468166,1851,2249359,___
466698,1713,2258424,___
470017,1585,2258954,___
478303,1656,2259480,___
474971,1668,2268720,___
473315,1664,2277781,___
476639,1666,2278313,___
479969,1670,2278847,K__
486679,1713,2419278,___
483352,1713,2434652,___
481639,1614,2445432,___
485065,1632,2446209,___
493280,1655,2446865,___
489966,1657,2456908,___
488311,1657,2466257,___
491623,1688,2466863,___
499974,1659,2467414,___
496627,1661,2476782,___
494968,1686,2485916,___
498288,1651,2486464,___
506631,1670,2490368,___
503295,1664,2499616,___
501625,1672,2508720,___
504959,1661,2509258,___
513298,1671,2509793,___
509963,1669,2519079,___
508292,1666,2528147,___
511632,1656,2528679,___
519959,1683,2529205,___
516637,1665,2538445,___
514954,1657,2547506,___
518302,1661,2548038,___
526631,1677,2548572,___
523297,1671,2557840,___
521620,1663,2566944,___
524968,1672,2567478,___
533308,1666,2568014,___
529969,1662,2577253,___
528303,1677,2586339,___
531631,1642,2586875,___
539989,1642,2587407,___
536592,1724,2596675,___
534950,1673,2605740,___
538316,1525,2606270,___
546636,1834,2606796,___
543348,1694,2616036,___
541514,1594,2625097,___
545042,1664,2625629,___
553349,1668,2626163,_D_
549968,1668,2635431,_D_
548300,1664,2644535,___
