0,1670,16384,K__
6694,1694,30569,___
3364,1651,45391,___
1670,1679,51883,___
5015,1679,53263,___
15806,1839,56065,___
10212,4751,66106,___
8373,843,70571,___
14963,927,71844,___
18403,1670,72945,___
16733,1530,76847,___
21725,1792,77894,___
19933,1576,80511,___
25125,1824,81484,___
23301,1603,83900,___
28401,1673,84855,___
26728,1630,87273,___
31661,1630,88231,___
30031,1780,90622,___
34990,1549,91577,___
33441,1795,93965,___
38244,1459,94920,___
36785,1893,97308,___
41734,1597,98263,___
40137,1599,100651,___
44932,1599,101606,___
43333,4995,103994,___
50797,870,104949,___
49927,936,107337,___
53397,1664,108292,___
51733,1672,110680,___
56737,1668,111635,___
55069,1631,114023,___
59999,1631,114978,___
58368,1742,117366,___
63403,1662,118321,___
61741,1669,120709,___
66738,1666,121664,___
65072,1662,124052,___
70074,1674,125007,___
68400,1664,127395,___
73406,1668,128350,___
71738,1686,130738,___
76746,1654,131693,___
75092,1669,134081,___
80069,1654,135036,___
78415,1669,137424,___
83414,1676,138379,___
81738,1696,140767,___
86806,1696,141722,___
85110,1606,144110,___
90065,1653,145065,___
88412,1676,147453,___
93420,1679,148408,___
91741,1679,150796,___
95099,1527,151751,K__
98410,1784,186336,___
96626,1669,196608,___
101739,1660,197771,___
100079,1654,200735,___
108394,1675,201697,___
105068,1663,204079,___
103393,1663,206513,___
106731,1622,207542,___
117564,1622,208564,___
111638,5100,217143,___
110016,826,229115,___
116738,835,231376,___
123406,1663,233930,___
120062,1678,245930,___
118399,1666,254346,___
121740,1661,256504,___
130062,1678,258429,___
126745,1658,266153,___
125067,1659,273046,___
128403,1680,274884,___
139238,1680,276653,___
133422,4978,283534,___
131742,838,290129,___
138400,865,291873,___
145076,1640,293602,___
141743,1661,300221,___
140103,1672,306748,___
143404,1678,308465,___
156767,1678,310183,___
148432,7510,316805,___
146754,825,323323,___
155942,833,325034,___
161739,816,326751,___
158416,1659,333356,___
157600,1664,339879,___
160075,1654,341594,___
175908,1654,343312,___
165047,10032,349931,___
163393,829,356447,___
175079,801,358158,___
180064,865,359875,___
177574,836,366480,___
176709,1654,373003,___
178410,1672,374718,___
191740,1672,376436,___
183408,7501,383055,___
181736,831,389571,___
190909,837,391282,___
196738,824,392999,___
193401,1674,399604,___
192577,1663,406127,___
195075,1663,407842,___
203412,1521,409600,___
199922,1930,416219,___
198401,1560,422735,___
201852,1655,424446,___
210081,1673,426163,___
206740,1662,432768,___
205067,1679,439291,___
208402,1663,441006,___
216754,1668,442724,___
213412,1667,449343,___
211744,1675,455859,___
215079,1660,458008,___
223426,1664,460163,___
220078,1670,482494,___
218414,1678,510372,___
221748,1657,515103,___
232574,1657,519910,___
226740,5004,546796,___
225083,830,564072,___
231744,864,569357,___
238413,1645,573786,___
235083,1653,588535,___
233438,1677,601787,___
236736,1655,606075,___
250015,1655,610326,___
241723,7438,623527,___
240068,854,635886,___
249161,835,640127,___
255063,1013,644346,___
251863,1485,657200,___
250850,1715,669429,___
253348,1629,673636,___
261672,1664,677832,___
258356,1658,690635,___
256692,1658,702920,___
260014,1785,707148,___
268439,1719,711356,___
265176,1421,724200,___
263457,1842,736457,___
266597,1662,740670,___
275069,1672,744875,___
271773,1624,757660,___
270101,1672,769910,___
273397,1664,774130,___
281731,1669,778338,___
278402,1660,791178,___
276733,1669,803427,___
280062,1673,807637,___
288397,1661,811839,___
285065,1672,824641,___
283404,1660,836914,___
286737,1668,841144,___
290065,1667,845354,K__
296731,1677,948462,___
293409,1659,959207,___
291732,1663,966895,___
295068,1668,968029,___
303392,1667,983040,___
300066,1667,990366,___
298399,1659,997011,___
301733,1674,997970,___
310064,1664,998890,___
306730,1665,1005701,___
305066,1669,1012205,___
308395,1667,1013118,___
316722,1663,1014029,___
313394,1664,1020759,___
311731,1664,1027245,___
315058,1675,1028158,___
323474,1659,1029054,___
320056,1659,1035798,___
318397,1759,1042306,___
321715,1585,1043215,___
330054,1662,1044129,___
326721,1677,1050866,___
325059,1656,1057334,___
328398,1682,1058240,___
336649,1653,1059142,___
333389,1630,1065862,___
331736,1630,1072355,___
335019,1790,1073686,___
343442,1599,1075014,___
340038,1650,1102607,___
338439,1754,1128236,___
341688,1482,1131927,___
350062,1918,1135498,___
346842,1564,1160616,___
344924,1656,1182869,___
348406,1667,1186990,___
356734,1663,1190806,___
353392,1679,1211591,___
351729,1663,1231086,___
355071,1661,1234814,___
363399,1676,1238454,___
360071,1664,1257693,___
358395,1664,1276451,___
361735,1671,1280043,___
370066,1668,1283662,___
366738,1665,1302578,___
365070,1663,1321202,___
368403,1669,1324808,___
376739,1653,1328409,___
373388,1682,1347316,___
371735,1669,1365903,___
375070,1654,1369494,___
383398,1675,1373100,___
380068,1659,1391970,___
378393,1671,1410514,___
381727,1671,1414118,___
385069,1505,1417702,K__
391716,1744,1558133,___
388318,1826,1573507,___
386574,1572,1584287,___
390144,1769,1585064,___
398351,1576,1585720,___
395061,1659,1595763,___
393485,1631,1605112,___
396720,1631,1622016,___
405041,1753,1622567,___
401735,1653,1631935,___
399982,1653,1641069,___
403388,1697,1641617,___
411614,1668,1642150,___
408406,1668,1651398,___
406738,1540,1660502,___
410074,1848,1661040,___
418302,1614,1661575,___
415076,1677,1670861,___
413462,1549,1679929,___
416753,1815,1680461,___
425069,1621,1680987,___
421738,1651,1690227,___
420117,1680,1699288,___
423389,1666,1699820,___
431747,1623,1700354,___
428358,1670,1709622,___
426735,1719,1718726,___
430028,1719,1719260,___
438314,1509,1719796,___
434975,1756,1729035,___
433466,1583,1738121,___
436731,1822,1738657,___
444966,1490,1739189,___
441626,1701,1748457,___
440136,1639,1757522,___
443327,1787,1758052,___
451810,1565,1758578,___
448318,1658,1767818,___
446753,1834,1776879,___
449976,1572,1777411,___
458352,1616,1777945,___
454998,1616,1787213,___
453382,1738,1796317,___
456614,1655,1796849,___
465004,1662,1797382,___
461669,1668,1806621,___
460007,1667,1815707,___
463337,1671,1816243,___
471671,1663,1816775,___
468338,1662,1826044,___
466675,1671,1835109,___
470000,1668,1835639,___
478342,1674,1836165,___
475013,1660,1845405,___
473339,1669,1854466,___
476673,1668,1854998,___
480010,1672,1855532,K__
486675,1660,1995962,___
483342,1669,2011336,___
481682,1664,2022116,___
485011,1663,2022893,___
493345,1670,2023549,___
490008,1669,2033592,___
488338,1668,2042941,___
491677,1671,2043547,___
500003,1660,2044098,___
496676,1660,2053466,___
495016,1667,2064384,___
498336,1661,2064932,___
506729,1661,2065465,___
503325,1821,2074713,___
501664,1583,2083817,___
505146,1524,2084355,___
513405,1812,2084890,___
510065,1665,2094176,___
508253,1675,2103244,___
511730,1660,2103776,___
520063,1670,2104302,___
516735,1661,2113542,___
515065,1667,2122603,___
518396,1662,2123135,___
526721,1665,2123669,___
523390,1681,2132937,___
521725,1650,2142041,___
525071,1673,2142575,___
533395,1667,2143111,___
530061,1667,2152350,___
528394,1667,2161436,___
531728,1519,2161972,___
540054,1885,2162504,___
536799,1594,2171772,___
534914,1661,2180837,___
538393,1682,2181367,___
546739,1657,2181893,___
543393,1678,2191133,___
541736,1668,2200194,___
545071,1661,2200726,___
553465,1661,2201260,___
550061,1521,2210528,___
548400,1883,2219632,___
551582,1603,2220164,___
560105,1628,2220697,___
556696,1628,2229936,___
555068,1781,2239022,___
558324,1692,2239558,___
566829,1468,2240090,___
563265,1851,2249359,___
561797,1713,2258424,___
565116,1585,2258954,___
573402,1656,2259480,___
570070,1668,2268720,___
568414,1664,2277781,___
571738,1666,2278313,___
575068,1670,2278847,K__
581778,1713,2419278,___
578451,1713,2434652,___
576738,1614,2445432,___
580164,1632,2446209,___
588379,1655,2446865,___
585065,1657,2456908,___
583410,1657,2466257,___
586722,1688,2466863,___
595073,1659,2467414,___
591726,1661,2476782,___
590067,1686,2485916,___
593387,1651,2486464,___
601730,1670,2490368,___
598394,1664,2499616,___
596724,1672,2508720,___
600058,1661,2509258,___
608397,1671,2509793,___
605062,1669,2519079,___
603391,1666,2528147,___
606731,1656,2528679,___
615058,1683,2529205,___
611736,1665,2538445,___
610053,1657,2547506,___
613401,1661,2548038,___
621730,1677,2548572,___
618396,1671,2557840,___
616719,1663,2566944,___
620067,1672,2567478,___
628407,1666,2568014,___
625068,1662,2577253,___
623402,1677,2586339,___
626730,1642,2586875,___
635088,1642,2587407,___
631691,1724,2596675,___
630049,1673,2605740,___
633415,1525,2606270,___
641735,1834,2606796,___
638447,1694,2616036,___
636613,1594,2625097,___
640141,1664,2625629,___
648448,1668,2626163,___
645067,1668,2635431,___
643399,1664,2644535,___
